OrderID,CustomerID,ProductCategory,ProductName,Quantity,UnitPrice,OrderDate,Region
1,2824,Electronics,Headphones,4,115.49,2020-07-28,North
2,7912,Electronics,Smartphone,2,113.23,2022-10-31,North
3,4257,Toys,Puzzle,8,296.69,2020-01-14,South
4,7924,Books,Textbook,3,111.58,2021-11-20,North
5,2519,Toys,Action Figure,6,424.51,2023-05-21,East
6,1711,Grocery,Bread,2,486.69,2022-02-14,North
7,5803,Books,Magazine,4,353.76,2020-04-03,South
8,5741,Clothing,Jeans,2,193.16,2022-07-17,East
9,3664,Books,Textbook,4,336.74,2023-12-08,North
10,3803,Beauty,Foundation,8,192.83,2023-08-03,South
11,6313,Electronics,Laptop,1,403.5,2022-04-01,East
12,2084,Beauty,Shampoo,6,110.25,2022-10-19,West
13,8517,Home,Curtains,3,127.08,2023-02-23,East
14,8019,Toys,Board Game,4,498.68,2020-10-10,West
15,2489,Electronics,Smartphone,3,315.59,2023-10-25,West
16,2040,Toys,Doll,10,498.08,2022-12-19,East
17,1188,Clothing,Sweater,5,385.46,2021-11-27,North
18,5808,Toys,Puzzle,8,6.61,2021-06-23,South
19,9317,Clothing,Jacket,9,306.44,2020-11-09,East
20,3646,Electronics,Camera,6,246.86,2020-08-17,East
21,6038,Beauty,Lipstick,4,439.61,2020-06-10,North
22,8962,Clothing,Sweater,3,68.55,2022-08-31,South
23,5342,Toys,Puzzle,9,378.86,2023-11-13,South
24,6107,Toys,Board Game,8,450.31,2022-07-13,North
25,5061,Beauty,Lipstick,6,15.41,2023-02-08,South
26,4608,Electronics,Smartphone,1,118.33,2020-03-05,East
27,2160,Beauty,Perfume,8,111.05,2020-09-27,West
28,4981,Grocery,Eggs,4,51.69,2023-09-11,West
29,6804,Toys,Doll,8,432.6,2020-04-20,North
30,1993,Toys,Board Game,2,128.08,2021-01-24,West
31,3296,Toys,Puzzle,5,234.0,2020-06-03,West
32,2604,Electronics,Camera,1,484.65,2021-04-29,South
33,7658,Grocery,Eggs,4,433.0,2020-04-30,South
34,7209,Electronics,Smartwatch,5,463.63,2022-07-20,East
35,7930,Grocery,Pasta,4,151.87,2020-04-29,North
36,6138,Electronics,Smartphone,10,241.01,2022-12-23,South
37,1931,Clothing,Jeans,2,299.54,2023-10-14,South
38,7615,Clothing,Sweater,4,291.56,2020-03-22,North
39,7868,Books,Textbook,4,336.51,2021-10-05,South
40,5351,Toys,Puzzle,5,231.33,2020-05-28,North
41,8508,Clothing,T-Shirt,9,110.51,2021-06-27,South
42,6718,Clothing,Jeans,6,146.07,2022-06-16,East
43,9666,Electronics,Camera,5,466.22,2020-07-31,South
44,5333,Clothing,T-Shirt,9,81.95,2021-07-31,South
45,6617,Beauty,Perfume,9,246.82,2020-04-14,North
46,7939,Sports,Football,1,170.11,2020-09-24,East
47,3647,Grocery,Bread,7,282.65,2020-08-17,North
48,3442,Electronics,Headphones,10,278.5,2022-05-30,South
49,1685,Sports,Yoga Mat,1,449.97,2021-03-06,South
50,2684,Books,Magazine,7,487.05,2020-11-12,South
51,3662,Home,Table,1,93.78,2021-11-11,West
52,5065,Sports,Tennis Racket,2,194.36,2020-03-20,West
53,4644,Beauty,Moisturizer,6,156.07,2021-04-11,South
54,1387,Beauty,Moisturizer,6,142.91,2020-05-22,East
55,6753,Toys,Lego Set,6,469.92,2020-08-24,East
56,3925,Sports,Football,2,300.3,2021-12-08,East
57,8149,Clothing,Dress,10,99.09,2020-03-31,West
58,1027,Beauty,Perfume,7,39.64,2023-09-22,East
59,6143,Clothing,Jacket,9,158.1,2022-04-16,East
60,7592,Sports,Bicycle,3,99.96,2023-09-23,West
61,3851,Sports,Dumbbells,9,417.69,2021-09-14,East
62,4443,Toys,Lego Set,10,329.08,2022-08-10,West
63,8244,Beauty,Shampoo,8,397.9,2020-12-13,North
64,5649,Books,Novel,4,338.03,2021-04-05,South
65,3414,Electronics,Smartphone,4,492.05,2023-06-05,North
66,8461,Toys,Lego Set,4,360.58,2022-02-25,West
67,7547,Beauty,Foundation,1,446.87,2020-08-06,West
68,4585,Home,Chair,8,29.86,2021-05-25,North
69,8478,Home,Table,9,494.01,2023-05-04,East
70,8251,Toys,Lego Set,8,449.12,2022-08-30,West
71,5246,Beauty,Perfume,9,244.88,2021-05-04,East
72,8206,Clothing,Jacket,4,139.5,2021-10-16,North
73,3267,Home,Lamp,7,348.51,2023-12-17,South
74,2052,Toys,Doll,6,273.59,2022-05-01,North
75,4388,Toys,Doll,10,473.3,2020-02-10,West
76,8814,Electronics,Headphones,5,377.97,2022-05-08,South
77,8999,Beauty,Perfume,7,245.39,2022-03-07,East
78,7624,Home,Table,3,490.46,2022-12-29,North
79,7455,Electronics,Smartphone,7,72.17,2022-08-03,South
80,1823,Sports,Dumbbells,6,109.77,2021-10-31,East
81,7211,Sports,Dumbbells,5,418.28,2022-08-21,North
82,9837,Electronics,Headphones,4,326.82,2023-08-27,North
83,1508,Beauty,Foundation,1,312.56,2021-05-03,South
84,8758,Clothing,Sweater,4,235.19,2021-06-08,East
85,3749,Clothing,Jeans,5,58.51,2020-02-22,East
86,7149,Toys,Puzzle,2,298.09,2023-07-08,South
87,2669,Sports,Bicycle,2,399.13,2023-03-05,North
88,6688,Toys,Board Game,2,255.45,2021-11-29,North
89,7882,Grocery,Rice,7,480.59,2023-07-25,West
90,3506,Toys,Puzzle,9,482.91,2021-07-07,West
91,8616,Toys,Lego Set,5,164.54,2021-05-17,North
92,5569,Grocery,Pasta,8,287.08,2023-09-30,West
93,6511,Electronics,Smartwatch,6,95.01,2021-03-10,East
94,5232,Books,Textbook,10,352.09,2021-07-19,North
95,9464,Beauty,Lipstick,4,361.44,2022-09-27,South
96,8800,Grocery,Eggs,1,51.06,2021-03-29,West
97,4986,Sports,Bicycle,6,239.26,2022-12-23,East
98,7971,Books,Textbook,8,139.1,2021-05-29,South
99,2976,Beauty,Perfume,2,372.73,2023-11-14,South
100,4138,Beauty,Moisturizer,5,363.67,2022-12-10,East
101,2647,Beauty,Perfume,4,183.64,2021-09-11,North
102,9751,Home,Curtains,1,487.28,2023-02-07,East
103,3068,Grocery,Rice,1,289.16,2022-08-19,West
104,8216,Books,Biography,1,129.98,2022-09-05,North
105,2070,Toys,Doll,2,290.63,2023-11-06,North
106,3485,Home,Chair,5,47.16,2021-05-23,North
107,7818,Beauty,Shampoo,7,228.0,2022-06-25,East
108,8025,Sports,Bicycle,10,34.81,2020-07-22,South
109,4457,Sports,Football,3,123.73,2023-02-04,North
110,3564,Electronics,Smartwatch,8,346.24,2022-08-20,East
111,1534,Beauty,Perfume,5,352.98,2022-07-18,North
112,4824,Sports,Bicycle,4,215.44,2023-01-20,South
113,3441,Sports,Tennis Racket,2,34.52,2021-09-21,East
114,8195,Clothing,Dress,5,351.37,2021-07-11,West
115,8172,Clothing,Sweater,1,445.26,2021-10-22,East
116,1423,Clothing,Jeans,10,295.63,2020-02-12,East
117,1659,Home,Table,9,327.5,2021-07-23,South
118,8141,Grocery,Rice,8,177.24,2021-11-13,East
119,2713,Home,Curtains,7,348.37,2021-08-13,West
120,1601,Grocery,Rice,6,129.94,2020-08-25,West
121,9431,Electronics,Camera,8,209.56,2021-01-19,East
122,9167,Grocery,Rice,4,137.19,2020-09-25,East
123,8178,Grocery,Rice,1,486.71,2023-05-31,South
124,3594,Sports,Bicycle,1,278.36,2020-07-09,South
125,2858,Grocery,Rice,3,251.7,2021-08-20,East
126,7807,Grocery,Eggs,4,231.11,2020-10-23,West
127,4122,Home,Sofa,5,387.47,2022-04-29,East
128,9318,Sports,Football,5,364.4,2023-04-17,West
129,3434,Grocery,Bread,8,175.84,2023-02-04,West
130,8460,Books,Biography,4,288.04,2021-04-23,West
131,1715,Books,Comics,7,196.11,2023-09-21,South
132,9115,Electronics,Laptop,9,482.85,2021-11-10,North
133,8213,Clothing,Sweater,8,12.6,2020-10-22,West
134,3529,Clothing,Dress,5,172.59,2023-11-19,West
135,2315,Books,Magazine,7,477.3,2023-07-07,West
136,9864,Electronics,Camera,2,121.21,2023-11-02,East
137,4727,Clothing,Dress,2,381.38,2023-12-12,North
138,8269,Home,Curtains,1,27.77,2020-04-24,East
139,6873,Books,Comics,3,125.88,2022-04-23,South
140,3785,Home,Sofa,10,436.07,2023-06-23,South
141,9153,Home,Lamp,8,320.76,2022-07-30,East
142,1153,Grocery,Milk,9,83.2,2022-06-23,East
143,5901,Toys,Board Game,8,423.43,2021-02-11,West
144,8916,Clothing,Jeans,7,288.1,2023-03-23,East
145,5837,Electronics,Smartwatch,5,9.01,2023-11-05,North
146,9138,Sports,Tennis Racket,10,401.96,2021-03-24,South
147,5106,Home,Sofa,1,157.92,2022-06-21,North
148,6977,Home,Sofa,5,166.73,2022-04-30,South
149,4289,Home,Chair,6,267.77,2021-07-12,South
150,5210,Grocery,Milk,6,403.1,2022-08-17,North
151,3306,Beauty,Moisturizer,9,186.06,2022-03-19,North
152,5332,Clothing,Dress,6,338.05,2023-10-08,East
153,7242,Books,Novel,4,238.38,2023-06-22,East
154,4626,Clothing,Dress,5,326.37,2020-08-26,South
155,1742,Electronics,Headphones,8,62.48,2021-04-25,South
156,7367,Grocery,Milk,9,212.47,2020-11-12,West
157,2622,Grocery,Bread,7,469.83,2021-07-26,North
158,7070,Beauty,Moisturizer,8,475.52,2022-01-12,North
159,7018,Books,Novel,7,141.56,2020-09-07,West
160,2501,Beauty,Shampoo,1,30.04,2021-11-14,South
161,3063,Beauty,Lipstick,9,107.54,2021-03-18,South
162,6383,Home,Chair,1,142.25,2020-10-23,South
163,9850,Sports,Tennis Racket,2,332.22,2020-02-22,South
164,1243,Books,Biography,10,165.27,2020-12-22,East
165,1858,Home,Table,9,61.26,2020-05-10,West
166,8344,Books,Magazine,10,58.98,2022-10-28,South
167,1710,Sports,Dumbbells,1,35.11,2022-09-07,West
168,7984,Clothing,Dress,8,41.38,2020-06-14,East
169,3430,Clothing,Jeans,5,314.04,2023-04-13,East
170,7240,Sports,Dumbbells,9,304.69,2020-07-22,North
171,4522,Toys,Doll,4,209.84,2022-07-17,West
172,7815,Clothing,Jacket,7,159.7,2021-06-06,East
173,3500,Grocery,Rice,2,416.73,2020-07-09,West
174,2582,Books,Biography,9,34.69,2023-02-24,East
175,3002,Toys,Board Game,7,434.71,2020-04-15,East
176,6119,Books,Novel,10,256.17,2020-11-12,West
177,4674,Clothing,Jacket,9,186.94,2021-07-24,South
178,8030,Electronics,Camera,5,19.33,2021-07-13,East
179,6567,Books,Novel,3,435.58,2023-03-05,West
180,2140,Home,Sofa,2,374.33,2021-03-16,West
181,7878,Grocery,Milk,3,188.18,2021-10-26,North
182,1861,Home,Lamp,10,29.63,2020-06-16,East
183,8259,Toys,Doll,10,223.81,2021-07-13,South
184,9394,Clothing,Jacket,7,59.89,2023-10-20,West
185,9633,Sports,Football,4,200.66,2023-05-12,North
186,1125,Beauty,Perfume,4,384.84,2021-06-07,East
187,6375,Clothing,T-Shirt,8,374.77,2020-12-25,South
188,7229,Beauty,Shampoo,9,417.51,2021-12-26,North
189,7505,Electronics,Smartwatch,1,232.58,2020-06-08,East
190,8033,Toys,Doll,5,62.01,2020-02-12,East
191,3815,Grocery,Milk,2,221.17,2020-08-04,South
192,8138,Toys,Lego Set,2,200.9,2021-09-27,East
193,4630,Books,Biography,2,257.69,2020-08-21,South
194,6724,Books,Biography,4,55.89,2021-06-08,South
195,3842,Home,Sofa,3,475.89,2023-07-10,West
196,8601,Grocery,Bread,10,164.99,2023-07-08,East
197,3473,Grocery,Rice,8,223.89,2021-09-12,East
198,1920,Books,Magazine,2,158.65,2022-07-14,North
199,1932,Books,Textbook,2,324.11,2020-07-03,West
200,8581,Electronics,Smartwatch,10,327.66,2021-10-20,West
201,9214,Home,Sofa,8,56.23,2021-12-04,North
202,9266,Home,Sofa,4,355.27,2022-06-18,South
203,6962,Books,Textbook,7,207.34,2021-11-23,North
204,6482,Clothing,Jacket,2,281.19,2022-03-02,East
205,5128,Home,Curtains,2,293.46,2020-10-16,East
206,6082,Toys,Puzzle,10,355.87,2020-06-22,East
207,7171,Books,Biography,9,51.26,2023-10-05,West
208,9331,Books,Novel,6,157.89,2021-03-14,East
209,8967,Beauty,Foundation,3,81.7,2021-08-28,North
210,9317,Electronics,Headphones,10,69.87,2022-02-10,South
211,3658,Home,Chair,3,361.99,2020-03-30,West
212,6968,Beauty,Moisturizer,10,146.04,2022-07-08,South
213,9749,Beauty,Perfume,8,452.47,2021-02-01,East
214,8218,Grocery,Milk,7,253.94,2022-05-07,South
215,4271,Home,Curtains,1,322.38,2022-01-30,North
216,9452,Clothing,Jacket,2,382.74,2021-07-12,West
217,9410,Home,Table,2,473.47,2021-03-30,West
218,6727,Electronics,Smartwatch,1,201.24,2022-02-04,South
219,7326,Clothing,Jacket,4,18.95,2020-07-21,East
220,3392,Home,Sofa,5,459.11,2022-08-25,South
221,8685,Grocery,Bread,1,453.4,2020-02-08,East
222,4533,Home,Chair,10,266.25,2020-08-15,East
223,4893,Sports,Football,1,123.03,2023-08-01,West
224,2029,Clothing,Dress,10,270.35,2023-07-18,South
225,3352,Sports,Dumbbells,1,309.33,2021-05-07,West
226,4068,Clothing,Sweater,6,38.5,2022-12-13,North
227,7397,Grocery,Rice,7,490.61,2021-06-03,North
228,6850,Clothing,Jacket,4,367.81,2023-07-10,North
229,6447,Home,Sofa,6,275.28,2023-08-09,South
230,8612,Grocery,Pasta,3,36.23,2022-07-26,North
231,5807,Beauty,Lipstick,4,443.47,2021-10-08,East
232,9444,Toys,Lego Set,8,130.39,2023-08-17,South
233,5687,Books,Novel,6,140.24,2022-01-23,West
234,7553,Grocery,Eggs,6,486.99,2022-10-13,West
235,7018,Sports,Football,7,44.07,2023-05-18,South
236,9937,Sports,Yoga Mat,2,44.63,2023-09-15,East
237,6021,Grocery,Bread,7,87.49,2022-06-28,East
238,8325,Electronics,Headphones,10,499.08,2021-07-16,North
239,2229,Toys,Board Game,9,401.54,2023-10-23,South
240,1510,Home,Chair,8,22.23,2020-05-17,South
241,7001,Books,Comics,10,21.03,2020-11-10,West
242,7077,Books,Comics,2,289.09,2022-12-20,East
243,7521,Books,Textbook,4,480.46,2020-02-23,South
244,9176,Toys,Lego Set,2,134.58,2021-06-17,West
245,4515,Sports,Dumbbells,4,65.71,2020-05-31,West
246,3828,Grocery,Rice,6,335.58,2023-12-24,North
247,9882,Sports,Yoga Mat,3,357.35,2023-12-05,South
248,6922,Beauty,Lipstick,4,397.07,2021-04-29,West
249,1430,Books,Magazine,10,187.61,2023-02-03,South
250,2412,Clothing,Jacket,7,499.8,2022-09-07,West
251,7708,Clothing,Jeans,6,322.96,2022-07-10,West
252,9476,Books,Biography,9,321.7,2021-01-07,South
253,8088,Electronics,Smartphone,9,80.74,2020-12-03,South
254,6286,Beauty,Perfume,9,447.99,2020-06-10,East
255,4216,Sports,Tennis Racket,5,309.14,2020-07-10,South
256,3526,Home,Chair,10,172.12,2023-02-28,North
257,1464,Clothing,T-Shirt,10,136.0,2021-03-07,West
258,1496,Grocery,Bread,5,322.74,2021-09-10,West
259,5012,Toys,Board Game,8,41.12,2020-05-02,South
260,8202,Toys,Doll,8,105.99,2023-05-27,South
261,6121,Books,Textbook,7,69.73,2022-01-28,North
262,6228,Beauty,Moisturizer,2,137.4,2021-05-22,South
263,2586,Electronics,Headphones,7,432.76,2022-05-06,South
264,3616,Books,Magazine,6,98.97,2020-11-22,West
265,9433,Grocery,Eggs,5,251.2,2020-07-03,West
266,9281,Grocery,Pasta,4,293.76,2020-04-09,North
267,5609,Grocery,Bread,8,146.45,2020-01-17,North
268,8060,Home,Curtains,6,383.11,2022-01-19,North
269,7563,Electronics,Camera,9,101.35,2023-02-07,East
270,2204,Toys,Lego Set,8,383.38,2021-07-26,North
271,3108,Clothing,Dress,6,398.47,2021-11-25,East
272,3363,Beauty,Shampoo,9,203.69,2020-03-23,North
273,1637,Home,Curtains,8,262.07,2020-11-01,South
274,6373,Books,Biography,7,495.35,2021-09-04,East
275,9311,Grocery,Bread,5,240.07,2020-02-04,East
276,6427,Clothing,Dress,10,157.3,2023-11-10,North
277,8775,Sports,Bicycle,10,117.63,2020-04-15,West
278,3793,Toys,Puzzle,4,20.63,2023-12-05,North
279,4125,Electronics,Smartwatch,6,212.3,2022-04-25,South
280,7723,Grocery,Rice,3,261.75,2023-02-22,East
281,8837,Toys,Board Game,3,232.53,2022-12-27,East
282,9950,Books,Textbook,10,244.67,2021-05-19,East
283,5890,Beauty,Perfume,5,353.93,2023-11-14,West
284,6194,Grocery,Milk,9,467.18,2021-07-14,East
285,2996,Toys,Doll,6,477.53,2020-10-26,East
286,1689,Sports,Football,6,462.38,2023-09-05,East
287,8849,Beauty,Foundation,9,139.21,2023-02-25,East
288,3249,Clothing,Sweater,10,123.44,2020-04-13,South
289,4814,Electronics,Smartphone,7,168.5,2022-08-25,North
290,3252,Electronics,Camera,3,206.42,2022-09-01,West
291,4267,Sports,Yoga Mat,5,324.72,2020-07-02,South
292,9767,Electronics,Laptop,7,441.71,2020-12-26,North
293,7504,Grocery,Pasta,5,438.99,2020-01-19,East
294,2758,Books,Textbook,8,494.6,2023-01-17,West
295,3198,Grocery,Milk,4,405.36,2021-11-08,South
296,8518,Sports,Tennis Racket,1,369.63,2021-08-27,South
297,3875,Toys,Doll,9,167.32,2022-03-31,North
298,4027,Home,Table,6,468.23,2020-01-14,East
299,7284,Beauty,Moisturizer,5,477.25,2021-09-10,North
300,5285,Books,Biography,1,335.55,2022-08-11,East
301,3616,Toys,Lego Set,5,346.69,2023-08-01,East
302,7021,Beauty,Foundation,3,241.7,2022-07-20,East
303,7813,Grocery,Bread,4,382.12,2023-10-25,North
304,9609,Grocery,Bread,6,43.66,2023-03-01,North
305,2011,Beauty,Shampoo,9,79.18,2021-11-02,West
306,2904,Beauty,Shampoo,8,50.02,2022-11-11,West
307,1911,Grocery,Pasta,9,210.64,2023-02-28,North
308,8575,Sports,Football,7,130.96,2020-01-07,South
309,2196,Electronics,Smartwatch,6,351.69,2023-01-13,North
310,2130,Grocery,Rice,5,207.39,2020-10-04,West
311,7135,Toys,Doll,7,190.94,2023-10-30,South
312,6697,Clothing,Jeans,9,199.56,2020-09-17,South
313,1056,Electronics,Headphones,8,338.38,2023-01-20,West
314,9715,Toys,Puzzle,4,233.01,2020-11-13,East
315,4088,Clothing,T-Shirt,7,309.39,2020-02-02,South
316,4376,Clothing,T-Shirt,10,21.62,2023-05-09,North
317,5009,Electronics,Smartwatch,8,121.0,2021-03-20,North
318,3295,Sports,Tennis Racket,10,162.86,2023-05-09,East
319,4881,Sports,Tennis Racket,9,114.42,2021-09-07,East
320,1998,Home,Table,9,250.33,2021-12-06,West
321,9592,Books,Comics,7,78.86,2022-02-09,South
322,9813,Grocery,Pasta,4,153.86,2023-12-20,South
323,8586,Electronics,Camera,7,484.05,2023-02-15,South
324,7363,Beauty,Perfume,4,168.48,2020-06-10,West
325,7079,Clothing,Sweater,4,30.51,2022-02-11,North
326,2192,Beauty,Shampoo,9,112.42,2021-03-03,East
327,5967,Electronics,Laptop,4,481.23,2020-08-28,West
328,4974,Beauty,Moisturizer,4,278.28,2021-08-02,West
329,8639,Books,Textbook,5,183.02,2022-10-15,West
330,2615,Grocery,Milk,4,188.5,2022-04-27,North
331,4625,Home,Sofa,5,278.89,2023-04-11,West
332,5836,Home,Lamp,6,118.86,2023-03-12,South
333,9180,Books,Textbook,8,483.42,2023-08-07,West
334,8550,Home,Curtains,3,74.28,2023-01-24,West
335,4015,Electronics,Camera,1,420.34,2020-06-01,North
336,1104,Toys,Puzzle,4,38.64,2020-11-05,North
337,4583,Grocery,Milk,1,310.83,2023-09-27,West
338,8993,Electronics,Smartphone,9,278.06,2020-01-25,North
339,9673,Sports,Bicycle,5,13.49,2023-11-30,West
340,3937,Clothing,T-Shirt,9,78.7,2021-01-28,East
341,6807,Sports,Dumbbells,2,189.66,2022-04-11,West
342,4984,Beauty,Perfume,2,328.6,2023-08-23,North
343,2531,Toys,Doll,7,278.59,2020-04-24,North
344,3807,Clothing,Dress,7,324.23,2021-11-09,North
345,9653,Electronics,Laptop,4,451.13,2023-11-18,West
346,5441,Electronics,Smartphone,5,450.16,2023-02-28,North
347,3938,Books,Novel,4,295.58,2023-12-30,West
348,2260,Sports,Tennis Racket,10,124.03,2022-03-07,East
349,7288,Home,Sofa,9,374.0,2021-12-09,North
350,2600,Toys,Puzzle,2,173.59,2023-06-11,West
351,6347,Electronics,Headphones,8,247.85,2021-12-29,West
352,8075,Home,Chair,7,47.42,2023-06-20,East
353,5037,Clothing,T-Shirt,5,81.34,2023-12-28,South
354,7383,Books,Textbook,2,50.3,2021-09-23,West
355,6896,Sports,Football,3,48.21,2022-06-01,West
356,9395,Toys,Action Figure,1,49.36,2023-02-09,North
357,6315,Toys,Action Figure,5,209.84,2020-06-22,South
358,9537,Home,Table,3,73.73,2021-09-08,East
359,9079,Home,Sofa,3,220.16,2022-05-12,East
360,8933,Clothing,Jacket,5,472.39,2023-07-04,West
361,4203,Grocery,Rice,3,155.81,2022-03-21,East
362,7224,Books,Comics,6,218.16,2023-08-26,South
363,5922,Books,Magazine,4,242.11,2020-12-29,West
364,6228,Sports,Dumbbells,10,392.08,2021-10-29,West
365,5592,Toys,Board Game,2,466.37,2021-02-13,South
366,1440,Grocery,Pasta,8,399.85,2023-11-19,North
367,7703,Grocery,Pasta,5,124.8,2023-09-10,South
368,7932,Toys,Action Figure,8,495.4,2022-09-08,West
369,9755,Toys,Lego Set,1,396.41,2022-01-06,North
370,2791,Beauty,Perfume,3,325.26,2020-03-31,West
371,6432,Toys,Action Figure,1,53.81,2021-03-30,South
372,8303,Books,Comics,8,387.31,2023-04-20,South
373,6651,Electronics,Smartwatch,2,151.24,2020-06-24,North
374,3321,Books,Textbook,6,230.39,2021-02-27,West
375,6706,Grocery,Rice,8,362.39,2022-07-15,East
376,2100,Sports,Football,2,16.18,2021-12-03,North
377,3692,Beauty,Shampoo,3,278.2,2021-11-08,West
378,8570,Beauty,Moisturizer,3,97.26,2023-09-08,West
379,7481,Electronics,Camera,4,227.54,2022-05-29,West
380,1072,Beauty,Foundation,5,377.4,2020-05-08,North
381,9796,Home,Curtains,6,102.55,2020-08-21,East
382,9019,Books,Magazine,7,307.6,2023-04-17,North
383,6700,Books,Comics,10,90.4,2023-10-11,East
384,2388,Home,Curtains,2,123.09,2020-08-27,South
385,7116,Home,Chair,7,212.03,2020-10-09,West
386,7931,Home,Table,9,348.25,2023-08-14,South
387,3733,Grocery,Milk,3,97.61,2022-07-12,North
388,6882,Electronics,Smartwatch,3,101.59,2022-02-25,West
389,7703,Grocery,Eggs,8,246.91,2020-06-18,North
390,4613,Sports,Football,5,116.3,2021-08-14,South
391,8492,Grocery,Bread,9,61.04,2020-08-21,East
392,9898,Books,Magazine,1,381.2,2022-06-22,South
393,7965,Clothing,Jeans,5,438.03,2020-03-07,West
394,5305,Books,Novel,8,433.32,2020-08-28,South
395,4438,Books,Magazine,7,87.16,2020-10-12,South
396,4390,Electronics,Camera,6,268.48,2023-05-07,South
397,6302,Sports,Yoga Mat,10,137.33,2022-11-19,North
398,3221,Toys,Action Figure,5,434.19,2020-09-16,South
399,5090,Home,Curtains,4,381.93,2023-10-16,West
400,9019,Home,Chair,5,315.77,2022-02-07,West
401,2237,Clothing,Dress,9,376.15,2023-11-23,East
402,8449,Grocery,Milk,10,6.22,2020-07-09,West
403,6869,Clothing,Sweater,7,112.83,2022-05-29,South
404,9105,Sports,Yoga Mat,5,172.19,2023-03-29,South
405,8951,Books,Novel,1,54.29,2022-07-30,North
406,3035,Home,Table,8,5.33,2022-05-26,South
407,3161,Sports,Tennis Racket,5,51.2,2022-01-08,East
408,2350,Books,Biography,1,201.19,2021-09-17,South
409,8032,Clothing,T-Shirt,1,110.64,2020-06-08,South
410,4705,Grocery,Rice,1,349.32,2020-09-03,West
411,3165,Grocery,Rice,4,194.62,2020-07-28,North
412,6133,Books,Textbook,3,194.45,2020-09-29,South
413,2120,Electronics,Camera,3,222.85,2021-03-12,South
414,7745,Grocery,Pasta,2,448.81,2020-10-13,North
415,7291,Books,Comics,6,396.58,2021-05-22,East
416,2380,Beauty,Shampoo,10,302.0,2023-05-29,East
417,1439,Sports,Tennis Racket,9,305.43,2021-01-21,West
418,5842,Electronics,Laptop,8,196.01,2021-05-08,West
419,2163,Electronics,Headphones,6,70.33,2023-03-10,West
420,6986,Home,Table,2,13.26,2020-05-18,North
421,5295,Beauty,Lipstick,1,474.6,2022-03-26,East
422,9209,Toys,Doll,7,45.8,2023-01-03,South
423,5546,Clothing,Jacket,2,258.1,2021-02-20,South
424,9788,Books,Comics,10,318.98,2023-08-23,North
425,6081,Toys,Puzzle,1,126.02,2022-06-08,North
426,8428,Electronics,Headphones,3,64.12,2023-12-20,South
427,1185,Home,Table,6,263.89,2021-06-14,South
428,7092,Home,Curtains,2,386.86,2020-03-01,East
429,8034,Sports,Bicycle,2,135.16,2023-03-26,North
430,9128,Grocery,Bread,6,32.44,2023-03-06,South
431,7024,Home,Curtains,2,447.66,2023-10-12,North
432,4742,Electronics,Smartphone,1,126.05,2022-08-24,East
433,7274,Home,Lamp,1,278.67,2023-09-04,West
434,4678,Books,Biography,7,458.35,2021-10-17,East
435,2276,Books,Novel,9,338.3,2020-04-17,South
436,4656,Electronics,Smartwatch,2,439.11,2021-08-01,East
437,6362,Clothing,Sweater,8,8.94,2021-02-14,East
438,5979,Beauty,Moisturizer,6,297.89,2022-10-07,South
439,9954,Beauty,Foundation,1,466.54,2020-02-18,South
440,9872,Books,Novel,6,5.72,2023-09-08,West
441,6038,Clothing,Jeans,9,491.64,2022-05-09,West
442,1981,Home,Curtains,2,26.73,2021-04-19,West
443,7102,Grocery,Rice,10,52.31,2020-09-30,West
444,2226,Electronics,Smartwatch,3,122.2,2021-06-18,East
445,7438,Books,Textbook,8,139.62,2020-06-01,South
446,3230,Clothing,Jeans,2,86.37,2022-08-12,East
447,7660,Clothing,Sweater,6,482.49,2021-03-01,West
448,6051,Grocery,Milk,2,49.76,2023-11-06,East
449,1660,Beauty,Perfume,3,50.15,2021-05-23,East
450,7492,Electronics,Headphones,5,410.94,2020-12-22,North
451,7625,Grocery,Bread,9,128.68,2022-08-04,North
452,3290,Clothing,T-Shirt,1,416.03,2021-03-31,South
453,4246,Toys,Board Game,2,293.25,2021-06-14,North
454,1357,Clothing,Jeans,8,405.6,2020-07-07,East
455,3007,Electronics,Smartwatch,1,88.15,2023-03-21,West
456,7471,Grocery,Rice,7,343.19,2020-12-19,East
457,4517,Home,Curtains,5,225.78,2020-10-31,North
458,5026,Sports,Dumbbells,7,441.98,2022-09-08,North
459,2437,Sports,Dumbbells,3,212.52,2023-08-09,South
460,9907,Electronics,Smartwatch,6,242.44,2022-09-19,East
461,9231,Books,Comics,5,94.01,2021-10-15,South
462,1480,Sports,Football,8,267.07,2023-04-11,South
463,3615,Clothing,Jeans,4,136.93,2020-04-24,South
464,7363,Books,Biography,3,122.09,2021-10-13,East
465,1462,Books,Magazine,10,75.34,2021-01-20,West
466,9882,Sports,Tennis Racket,8,23.79,2020-04-25,South
467,4584,Electronics,Camera,8,5.34,2023-06-11,South
468,3137,Books,Biography,6,34.48,2020-10-29,South
469,2817,Books,Novel,6,353.75,2023-09-18,West
470,2655,Books,Textbook,6,72.54,2020-11-18,West
471,8982,Books,Biography,9,348.31,2023-06-10,East
472,4657,Home,Table,5,368.33,2021-08-26,South
473,3911,Electronics,Camera,7,426.12,2023-03-08,North
474,3983,Books,Magazine,4,321.63,2020-08-01,West
475,3304,Books,Novel,4,176.67,2021-10-16,South
476,2453,Books,Comics,1,136.28,2021-05-26,North
477,6742,Sports,Football,1,28.83,2022-06-16,West
478,3725,Toys,Doll,7,178.86,2022-02-07,North
479,8855,Beauty,Foundation,8,41.49,2020-03-09,East
480,1328,Books,Textbook,2,41.73,2020-12-14,West
481,3636,Clothing,Sweater,2,172.29,2023-06-10,West
482,1507,Toys,Puzzle,10,445.43,2020-11-17,North
483,2659,Books,Biography,4,207.59,2023-02-08,East
484,5612,Sports,Tennis Racket,2,29.57,2023-03-16,West
485,3516,Electronics,Headphones,1,216.66,2021-08-26,West
486,4271,Clothing,T-Shirt,4,89.56,2021-08-20,North
487,8758,Clothing,Jacket,7,238.12,2023-09-15,East
488,2493,Toys,Puzzle,6,443.32,2022-01-26,South
489,8303,Electronics,Headphones,8,235.2,2021-04-08,East
490,2009,Home,Sofa,2,335.73,2023-01-13,West
491,4727,Electronics,Smartwatch,9,212.22,2023-01-01,West
492,4860,Grocery,Milk,2,200.43,2020-03-12,South
493,2970,Grocery,Pasta,3,486.22,2021-01-29,South
494,1699,Toys,Action Figure,7,104.95,2023-07-08,South
495,5225,Books,Novel,2,197.11,2022-03-24,East
496,5525,Grocery,Rice,10,295.85,2022-05-09,North
497,7790,Home,Lamp,10,296.03,2020-07-24,North
498,2654,Sports,Bicycle,6,439.56,2021-06-24,West
499,8955,Grocery,Rice,3,141.33,2020-10-21,West
500,1635,Toys,Board Game,4,29.4,2022-08-31,East
501,7102,Electronics,Headphones,5,158.92,2022-10-03,North
502,4734,Home,Curtains,8,388.15,2021-10-19,East
503,7828,Clothing,Jeans,8,109.64,2022-04-13,West
504,9462,Books,Novel,9,396.79,2020-05-14,East
505,9303,Toys,Puzzle,9,440.27,2020-02-29,South
506,4158,Beauty,Lipstick,4,21.37,2020-04-13,East
507,4262,Sports,Yoga Mat,8,255.04,2023-07-25,North
508,1500,Beauty,Perfume,8,299.05,2020-12-29,West
509,6730,Books,Biography,5,375.74,2023-11-11,North
510,5670,Electronics,Smartwatch,1,85.64,2023-03-17,South
511,4626,Beauty,Foundation,5,327.54,2022-11-17,North
512,1145,Grocery,Pasta,3,302.57,2020-01-18,South
513,5135,Sports,Yoga Mat,7,448.26,2021-12-15,West
514,5128,Beauty,Moisturizer,5,340.21,2023-07-01,West
515,2676,Electronics,Camera,6,282.92,2023-05-01,East
516,5890,Clothing,Dress,2,171.46,2021-07-20,East
517,5536,Sports,Yoga Mat,4,79.22,2021-05-07,North
518,7620,Books,Biography,1,329.42,2021-08-28,East
519,7857,Toys,Doll,1,293.6,2023-03-17,South
520,6622,Beauty,Shampoo,8,453.73,2023-10-07,East
521,9311,Sports,Tennis Racket,9,94.66,2020-07-18,West
522,3096,Sports,Bicycle,3,473.73,2021-11-18,North
523,4641,Books,Biography,5,213.13,2021-11-09,East
524,5269,Sports,Dumbbells,2,237.92,2023-07-23,North
525,8736,Beauty,Shampoo,2,434.41,2022-02-20,East
526,7768,Electronics,Laptop,3,496.21,2021-12-02,West
527,8496,Home,Curtains,3,390.58,2022-09-25,East
528,3897,Books,Novel,1,228.77,2021-03-04,South
529,3595,Grocery,Rice,3,309.17,2023-07-21,West
530,7609,Toys,Doll,7,7.31,2022-12-29,South
531,7112,Electronics,Headphones,9,99.34,2023-10-17,North
532,5076,Beauty,Perfume,5,68.82,2022-02-24,East
533,3736,Clothing,T-Shirt,5,474.49,2022-07-22,East
534,8105,Home,Curtains,8,182.83,2021-01-20,South
535,7609,Electronics,Laptop,4,364.95,2020-09-25,South
536,1359,Home,Sofa,6,357.0,2020-03-17,West
537,5190,Electronics,Camera,1,332.68,2023-08-31,North
538,1790,Clothing,Dress,8,193.23,2023-01-25,East
539,8772,Home,Lamp,1,154.05,2023-09-17,North
540,9524,Sports,Bicycle,10,351.86,2022-05-07,North
541,9381,Clothing,Jacket,2,393.46,2022-10-16,South
542,4272,Sports,Bicycle,4,182.17,2022-04-19,East
543,3627,Electronics,Camera,8,455.63,2023-11-10,West
544,6416,Beauty,Lipstick,1,337.46,2020-08-14,West
545,3443,Clothing,Sweater,2,363.16,2020-07-26,East
546,4787,Grocery,Milk,5,234.82,2020-07-23,South
547,1646,Sports,Yoga Mat,6,215.87,2020-08-25,North
548,1751,Electronics,Laptop,3,167.69,2022-06-15,East
549,2522,Books,Textbook,3,61.35,2022-03-30,West
550,5453,Toys,Doll,7,326.18,2020-12-07,North
551,3171,Electronics,Laptop,2,210.93,2023-04-24,West
552,8178,Home,Chair,7,390.69,2023-06-06,North
553,3140,Grocery,Eggs,2,444.36,2022-06-21,North
554,2037,Sports,Yoga Mat,1,353.76,2023-10-20,South
555,6542,Clothing,Dress,4,243.56,2023-09-21,West
556,3435,Electronics,Smartphone,3,255.26,2022-08-19,West
557,3709,Clothing,Dress,6,124.24,2021-07-23,North
558,9305,Beauty,Shampoo,7,204.62,2021-04-26,North
559,8521,Grocery,Bread,8,48.57,2022-10-17,West
560,6178,Clothing,Dress,1,55.81,2022-04-24,North
561,9996,Electronics,Smartphone,10,481.77,2023-07-29,East
562,9328,Beauty,Moisturizer,6,184.85,2020-04-21,South
563,8445,Books,Magazine,10,301.98,2023-09-07,East
564,8414,Clothing,T-Shirt,4,6.09,2021-12-28,East
565,9973,Books,Novel,1,448.95,2022-10-05,South
566,7704,Clothing,Jacket,10,101.98,2020-09-04,West
567,4532,Grocery,Pasta,6,58.34,2022-04-28,North
568,3018,Grocery,Eggs,10,478.31,2020-10-02,West
569,1071,Electronics,Camera,7,420.21,2022-09-16,South
570,3845,Home,Sofa,7,330.47,2023-05-26,East
571,9259,Toys,Doll,10,458.38,2021-05-23,East
572,7518,Books,Textbook,8,403.37,2020-10-09,West
573,9393,Sports,Bicycle,6,357.38,2023-02-07,South
574,4291,Beauty,Shampoo,5,344.87,2023-10-09,South
575,3913,Books,Novel,6,283.33,2023-04-08,West
576,9747,Sports,Dumbbells,1,263.75,2020-02-21,West
577,3381,Electronics,Smartphone,4,137.15,2020-11-25,East
578,5105,Home,Sofa,5,105.98,2023-01-13,North
579,6876,Grocery,Rice,10,434.68,2023-02-24,South
580,7371,Beauty,Shampoo,5,348.0,2020-04-06,West
581,7349,Toys,Board Game,9,31.63,2021-05-29,South
582,8259,Beauty,Perfume,10,275.57,2023-05-20,South
583,4170,Sports,Dumbbells,3,491.81,2020-06-01,South
584,3847,Clothing,Dress,1,217.11,2023-02-13,East
585,3131,Home,Chair,5,7.79,2022-08-13,South
586,1654,Home,Curtains,10,30.17,2023-07-04,East
587,9037,Books,Novel,6,265.07,2021-01-11,North
588,9276,Home,Table,9,270.83,2020-07-07,East
589,4624,Beauty,Perfume,6,183.59,2021-03-23,West
590,1144,Clothing,Jacket,8,123.97,2023-08-08,South
591,1653,Books,Comics,2,196.01,2023-01-11,East
592,1404,Books,Magazine,9,225.55,2020-03-30,East
593,4154,Books,Magazine,2,474.36,2020-12-08,North
594,2072,Beauty,Foundation,7,418.65,2021-02-25,West
595,2181,Home,Sofa,8,359.85,2020-03-18,North
596,2200,Electronics,Laptop,5,281.25,2023-03-23,South
597,5237,Toys,Doll,8,316.96,2022-06-05,East
598,1276,Toys,Action Figure,9,7.92,2023-06-20,North
599,1745,Clothing,Jacket,9,57.54,2023-11-05,East
600,2417,Sports,Dumbbells,7,200.58,2023-09-15,North
601,8765,Home,Chair,4,72.51,2022-03-11,East
602,3360,Sports,Yoga Mat,1,278.99,2023-02-10,South
603,3019,Electronics,Smartphone,10,300.34,2023-01-05,North
604,5992,Beauty,Perfume,4,209.26,2023-08-15,South
605,3637,Home,Lamp,10,418.2,2021-02-01,North
606,3971,Electronics,Camera,8,324.11,2020-05-29,East
607,2103,Sports,Football,4,364.17,2022-09-24,East
608,6851,Home,Lamp,2,146.14,2020-05-22,South
609,6206,Grocery,Eggs,6,310.09,2021-09-18,South
610,6971,Books,Comics,3,7.39,2021-05-19,South
611,8145,Sports,Yoga Mat,3,341.39,2021-11-10,West
612,8583,Grocery,Milk,5,246.05,2020-08-10,South
613,2343,Sports,Tennis Racket,9,102.23,2023-07-07,North
614,2235,Electronics,Camera,1,407.26,2023-03-31,West
615,4485,Electronics,Camera,5,274.02,2023-01-10,West
616,3435,Books,Comics,4,446.26,2023-04-22,East
617,3193,Grocery,Bread,9,49.82,2022-01-15,North
618,4913,Home,Chair,3,225.88,2021-01-01,South
619,8921,Books,Novel,4,381.93,2021-04-19,North
620,5331,Books,Biography,1,335.95,2022-11-26,East
621,7358,Grocery,Eggs,1,24.75,2023-08-21,East
622,2691,Sports,Yoga Mat,10,274.45,2020-12-22,West
623,7201,Books,Magazine,2,260.75,2022-02-09,South
624,9460,Toys,Board Game,6,246.0,2022-09-14,North
625,9222,Home,Table,3,118.85,2022-11-19,East
626,4465,Home,Lamp,3,184.3,2020-08-30,South
627,7793,Books,Novel,8,339.24,2022-09-08,South
628,3641,Toys,Action Figure,4,26.36,2023-03-20,South
629,3207,Electronics,Camera,3,32.68,2021-06-12,South
630,9464,Toys,Lego Set,10,320.62,2023-09-17,East
631,2404,Beauty,Moisturizer,10,496.42,2022-09-13,South
632,4594,Toys,Lego Set,3,398.33,2021-01-07,East
633,3747,Books,Comics,10,297.35,2021-04-15,West
634,7315,Home,Sofa,1,105.16,2022-10-29,West
635,3450,Clothing,Jeans,8,451.3,2023-05-13,North
636,9706,Clothing,T-Shirt,8,331.4,2023-05-20,North
637,8069,Toys,Board Game,1,350.33,2022-05-28,South
638,8899,Toys,Board Game,10,403.29,2023-11-27,North
639,7971,Home,Curtains,8,384.1,2020-06-20,East
640,9908,Toys,Board Game,4,7.71,2020-01-15,North
641,9515,Electronics,Smartwatch,4,345.44,2021-10-08,West
642,6935,Clothing,Jeans,7,327.53,2021-06-03,East
643,9783,Toys,Lego Set,6,307.88,2023-10-25,West
644,4337,Toys,Lego Set,9,243.82,2022-01-28,West
645,5157,Sports,Bicycle,6,388.23,2022-03-26,South
646,2951,Beauty,Moisturizer,3,54.64,2022-11-07,West
647,6544,Electronics,Laptop,7,482.46,2020-01-11,North
648,3381,Grocery,Bread,7,48.63,2021-06-22,South
649,7075,Clothing,Sweater,1,363.62,2022-03-31,East
650,1941,Home,Table,8,10.3,2023-09-07,East
651,4190,Electronics,Camera,9,260.33,2021-04-19,South
652,1590,Books,Biography,1,487.94,2020-06-26,East
653,7544,Books,Comics,7,295.11,2022-11-26,North
654,2124,Clothing,Sweater,5,364.44,2023-02-19,East
655,6693,Sports,Tennis Racket,10,481.71,2022-07-20,West
656,1076,Sports,Tennis Racket,7,255.59,2023-02-18,North
657,9243,Sports,Yoga Mat,2,402.46,2021-06-11,East
658,8254,Toys,Lego Set,8,386.13,2021-11-26,West
659,8548,Electronics,Smartwatch,2,132.62,2022-02-22,South
660,4767,Books,Comics,6,260.67,2020-01-20,East
661,5067,Sports,Football,7,338.48,2021-12-01,North
662,3924,Grocery,Milk,6,113.19,2023-03-20,East
663,3994,Beauty,Moisturizer,4,121.26,2021-05-10,East
664,4387,Beauty,Foundation,4,418.99,2021-12-30,South
665,2747,Clothing,T-Shirt,8,308.84,2023-01-13,North
666,8901,Books,Magazine,6,248.71,2023-03-22,East
667,9041,Home,Chair,5,201.95,2023-03-27,South
668,1887,Toys,Doll,9,21.12,2021-12-12,West
669,3863,Grocery,Rice,9,232.73,2023-11-12,North
670,1193,Beauty,Moisturizer,10,54.87,2022-01-10,East
671,4066,Sports,Tennis Racket,5,238.32,2023-06-09,East
672,6995,Home,Table,7,109.21,2023-12-06,East
673,6981,Toys,Board Game,8,94.05,2020-09-25,South
674,2636,Sports,Tennis Racket,9,218.95,2022-02-19,South
675,3389,Home,Table,1,92.42,2022-10-20,South
676,9470,Books,Comics,5,129.23,2023-03-08,North
677,7527,Clothing,Jeans,1,111.66,2021-06-04,West
678,2577,Grocery,Milk,5,183.68,2023-02-21,East
679,6638,Electronics,Smartwatch,2,178.79,2023-10-23,South
680,9821,Home,Curtains,6,165.92,2022-11-11,West
681,8322,Clothing,Dress,10,146.83,2023-07-17,South
682,3745,Books,Comics,10,287.96,2020-05-26,North
683,3654,Books,Biography,6,161.85,2021-08-19,East
684,7479,Sports,Dumbbells,6,375.21,2022-12-02,West
685,7782,Home,Lamp,1,66.89,2021-04-25,East
686,2311,Beauty,Foundation,7,55.99,2020-05-10,West
687,9985,Electronics,Smartphone,7,264.37,2020-06-19,North
688,5300,Home,Sofa,7,158.14,2021-05-21,East
689,8260,Home,Lamp,9,420.07,2020-02-28,North
690,6846,Books,Comics,8,487.62,2023-01-12,East
691,9987,Grocery,Pasta,9,92.63,2023-05-08,West
692,8126,Sports,Yoga Mat,8,272.14,2020-07-02,West
693,6044,Books,Comics,5,82.08,2020-01-22,North
694,9574,Home,Curtains,5,237.25,2020-01-18,West
695,8816,Sports,Football,7,399.99,2023-05-07,South
696,1118,Books,Biography,7,441.67,2022-06-14,West
697,5094,Home,Table,7,114.19,2020-06-11,West
698,4924,Sports,Yoga Mat,9,405.36,2022-04-25,South
699,2121,Home,Lamp,5,59.63,2022-07-21,West
700,5458,Grocery,Pasta,6,14.6,2020-04-11,North
701,4046,Clothing,Jacket,5,66.89,2022-06-16,North
702,4814,Clothing,Jeans,1,249.32,2021-12-01,West
703,6104,Grocery,Milk,8,349.98,2020-03-05,East
704,2314,Home,Sofa,5,388.95,2020-05-26,West
705,3975,Beauty,Perfume,7,414.98,2020-09-06,South
706,7304,Grocery,Pasta,1,103.59,2020-07-11,South
707,8746,Toys,Board Game,6,83.51,2020-03-27,North
708,5150,Grocery,Milk,4,183.41,2020-04-16,South
709,2850,Beauty,Moisturizer,6,12.46,2021-07-19,North
710,7484,Beauty,Lipstick,1,292.63,2023-11-15,West
711,3539,Books,Novel,4,83.06,2020-07-06,East
712,1983,Electronics,Headphones,3,352.16,2020-08-07,South
713,8992,Beauty,Perfume,9,395.34,2021-12-12,West
714,4161,Electronics,Smartwatch,6,363.58,2021-05-28,North
715,8951,Grocery,Bread,5,273.65,2022-09-30,South
716,4057,Books,Textbook,8,141.29,2023-05-11,South
717,2128,Home,Table,5,410.61,2023-01-14,East
718,8439,Electronics,Camera,7,368.16,2020-02-08,East
719,4912,Books,Novel,9,410.43,2021-01-23,West
720,3525,Sports,Yoga Mat,7,322.25,2020-08-14,North
721,9572,Clothing,T-Shirt,3,93.43,2020-03-05,South
722,2753,Grocery,Pasta,2,20.75,2023-08-07,West
723,9026,Sports,Football,6,114.26,2020-05-25,North
724,4419,Grocery,Rice,8,401.5,2020-05-04,East
725,7814,Books,Novel,10,136.58,2020-03-24,North
726,5979,Clothing,Jeans,9,53.07,2021-04-18,West
727,4104,Beauty,Shampoo,4,287.16,2021-01-01,West
728,2728,Books,Comics,7,442.0,2020-12-07,South
729,7579,Books,Biography,9,499.22,2022-06-26,East
730,6163,Books,Textbook,7,383.27,2022-05-31,East
731,4943,Beauty,Moisturizer,9,463.44,2021-06-04,East
732,8412,Grocery,Eggs,1,364.53,2021-08-05,North
733,9480,Home,Curtains,1,153.67,2021-03-30,South
734,6159,Electronics,Headphones,9,258.08,2023-03-14,South
735,2544,Electronics,Smartwatch,6,82.27,2021-06-26,East
736,5093,Beauty,Perfume,5,50.49,2022-03-29,South
737,2264,Books,Comics,3,246.7,2023-11-13,North
738,5921,Electronics,Camera,7,43.85,2020-04-24,East
739,6700,Toys,Doll,2,435.54,2021-04-09,North
740,7266,Electronics,Headphones,9,25.39,2023-01-10,South
741,6354,Beauty,Foundation,1,338.45,2022-03-15,West
742,9269,Clothing,Jeans,7,148.44,2022-03-18,South
743,3165,Books,Novel,8,287.86,2020-04-10,West
744,5301,Clothing,Dress,9,220.07,2023-11-30,South
745,3209,Grocery,Bread,4,246.49,2023-08-28,South
746,9589,Beauty,Foundation,2,136.8,2022-05-30,East
747,2467,Clothing,Dress,7,185.81,2021-01-25,East
748,6644,Electronics,Headphones,3,493.89,2023-06-16,West
749,3389,Grocery,Rice,4,103.84,2022-02-04,South
750,2405,Clothing,T-Shirt,4,474.73,2020-10-29,East
751,1225,Books,Novel,5,227.78,2020-02-16,East
752,4424,Beauty,Foundation,9,264.02,2021-06-13,West
753,3315,Electronics,Smartwatch,10,453.49,2022-12-14,North
754,5185,Home,Sofa,5,104.34,2023-11-27,East
755,1869,Grocery,Rice,2,197.38,2021-07-09,East
756,2767,Electronics,Headphones,7,119.43,2022-02-18,North
757,6168,Grocery,Bread,9,48.57,2021-02-11,West
758,1352,Electronics,Laptop,9,155.94,2022-09-30,West
759,3572,Electronics,Headphones,6,180.91,2021-09-11,South
760,9212,Sports,Football,5,439.95,2020-03-01,East
761,4695,Home,Curtains,7,330.18,2020-06-28,West
762,9531,Beauty,Moisturizer,4,288.58,2022-05-23,East
763,6395,Grocery,Bread,3,107.34,2020-10-10,South
764,3262,Sports,Bicycle,3,217.88,2020-10-24,South
765,6201,Clothing,Sweater,9,474.56,2020-08-30,South
766,6203,Home,Sofa,6,440.67,2022-04-27,West
767,5970,Grocery,Milk,3,390.66,2020-08-06,South
768,4026,Electronics,Camera,10,137.1,2023-03-07,South
769,4804,Beauty,Lipstick,6,44.34,2022-09-03,South
770,9230,Grocery,Milk,3,426.8,2022-10-03,West
771,3253,Home,Lamp,4,20.95,2020-01-31,East
772,7767,Beauty,Foundation,4,37.74,2022-06-18,West
773,6323,Grocery,Pasta,7,205.41,2020-03-26,West
774,6126,Toys,Lego Set,10,298.93,2022-12-11,North
775,9530,Clothing,Dress,8,414.37,2020-03-27,South
776,9498,Toys,Action Figure,9,196.76,2023-07-15,North
777,4110,Sports,Dumbbells,7,442.78,2021-08-08,West
778,3727,Toys,Board Game,10,459.92,2023-11-14,South
779,8595,Grocery,Rice,9,61.02,2023-04-13,South
780,7440,Toys,Board Game,8,17.33,2022-07-18,South
781,8449,Clothing,Jacket,6,347.4,2023-12-28,South
782,3024,Clothing,T-Shirt,8,318.87,2020-06-23,West
783,9383,Home,Table,9,193.4,2020-12-15,East
784,3459,Home,Lamp,3,385.73,2020-04-15,West
785,6047,Sports,Dumbbells,5,315.09,2020-08-28,South
786,4323,Electronics,Camera,5,11.04,2022-10-16,West
787,9904,Electronics,Camera,8,122.75,2023-04-20,West
788,8434,Toys,Doll,2,302.6,2020-01-14,South
789,9967,Sports,Bicycle,9,410.96,2021-03-01,North
790,4028,Home,Sofa,6,23.18,2020-03-07,East
791,6424,Clothing,T-Shirt,2,211.39,2020-12-31,South
792,5659,Home,Table,10,183.29,2020-03-14,North
793,5903,Books,Textbook,7,411.03,2022-05-25,North
794,5797,Grocery,Pasta,2,348.84,2021-07-16,East
795,9635,Toys,Lego Set,4,349.44,2023-06-07,North
796,2790,Clothing,Dress,10,467.28,2023-12-18,East
797,7996,Books,Textbook,9,289.7,2023-06-30,East
798,3125,Grocery,Bread,8,248.79,2021-01-03,South
799,5759,Beauty,Lipstick,2,16.87,2023-07-04,North
800,4396,Toys,Doll,1,170.23,2023-02-21,South
801,1185,Beauty,Perfume,5,396.15,2021-09-22,East
802,9301,Books,Novel,2,344.49,2021-11-30,West
803,1477,Home,Lamp,6,417.74,2023-10-09,West
804,8774,Electronics,Laptop,8,81.92,2022-08-01,East
805,8577,Toys,Action Figure,9,153.18,2023-10-20,East
806,9779,Electronics,Laptop,10,344.32,2021-12-25,North
807,3446,Sports,Football,6,491.89,2023-07-07,South
808,7382,Home,Chair,2,432.97,2021-09-23,East
809,1518,Sports,Dumbbells,2,251.04,2021-05-01,East
810,8404,Sports,Tennis Racket,9,154.65,2020-08-17,East
811,1612,Beauty,Lipstick,8,255.47,2022-09-15,South
812,4116,Books,Comics,9,158.63,2021-11-01,South
813,2609,Home,Lamp,1,232.39,2022-12-05,North
814,1067,Sports,Football,10,436.58,2021-11-13,West
815,1755,Clothing,Sweater,5,16.13,2021-10-01,South
816,6257,Beauty,Foundation,5,141.94,2021-10-15,West
817,2927,Sports,Tennis Racket,3,140.45,2020-02-01,North
818,4384,Books,Magazine,6,139.17,2023-12-13,East
819,5011,Home,Sofa,5,308.57,2021-11-24,West
820,1831,Home,Sofa,8,452.13,2020-04-13,North
821,7284,Electronics,Smartphone,7,199.0,2023-12-14,West
822,6826,Sports,Yoga Mat,4,357.88,2023-10-05,North
823,8629,Home,Sofa,8,53.15,2021-09-27,West
824,8709,Beauty,Foundation,3,431.24,2023-06-17,East
825,6954,Toys,Puzzle,6,395.45,2021-10-27,West
826,8987,Electronics,Smartphone,8,60.88,2022-09-07,West
827,3798,Sports,Yoga Mat,10,289.47,2022-11-06,North
828,7646,Clothing,Jacket,9,326.48,2021-09-10,West
829,7566,Toys,Puzzle,10,125.63,2020-11-21,West
830,7288,Clothing,Jacket,4,407.89,2023-04-25,West
831,8132,Books,Magazine,4,90.68,2023-10-03,North
832,8972,Clothing,Sweater,10,234.14,2023-02-10,North
833,8294,Home,Curtains,7,39.46,2020-08-10,West
834,6364,Grocery,Rice,2,112.72,2020-10-11,North
835,3403,Home,Table,9,149.29,2023-06-14,West
836,4205,Beauty,Perfume,5,287.29,2023-10-23,East
837,8122,Books,Novel,10,9.02,2022-11-11,West
838,3089,Sports,Football,6,451.03,2020-04-18,North
839,6885,Clothing,Jacket,1,121.44,2023-12-09,West
840,6212,Toys,Doll,7,220.42,2021-03-08,South
841,8780,Home,Lamp,9,195.37,2022-01-07,West
842,3527,Sports,Tennis Racket,3,10.74,2023-08-20,North
843,3359,Grocery,Eggs,3,46.91,2023-08-08,West
844,8471,Toys,Lego Set,3,229.93,2022-05-18,West
845,7303,Books,Biography,3,215.26,2020-01-16,West
846,4878,Sports,Dumbbells,9,290.29,2020-03-09,North
847,8917,Books,Novel,10,243.36,2023-11-15,North
848,3327,Sports,Dumbbells,9,43.73,2023-06-03,North
849,5017,Grocery,Rice,9,400.06,2021-10-01,North
850,6628,Electronics,Smartwatch,8,258.77,2022-08-18,East
851,7897,Books,Textbook,5,87.92,2023-11-24,East
852,5267,Electronics,Smartwatch,10,88.69,2020-04-15,East
853,1447,Sports,Dumbbells,2,67.78,2020-06-06,East
854,5129,Home,Chair,5,141.23,2021-06-10,North
855,2827,Home,Chair,3,331.28,2022-01-27,South
856,5280,Beauty,Moisturizer,3,400.69,2020-03-08,East
857,2382,Home,Chair,3,419.62,2022-04-25,West
858,4898,Grocery,Pasta,4,290.99,2021-12-07,North
859,5331,Clothing,T-Shirt,3,234.69,2022-09-02,East
860,8803,Beauty,Moisturizer,7,239.92,2020-10-24,West
861,1194,Sports,Dumbbells,7,340.85,2022-12-21,North
862,2595,Books,Comics,10,459.43,2021-07-12,East
863,5429,Sports,Football,5,328.9,2022-03-12,West
864,4961,Beauty,Shampoo,6,340.47,2021-01-03,East
865,9972,Electronics,Smartphone,2,10.92,2020-07-19,North
866,8306,Books,Biography,5,129.69,2020-03-10,North
867,2506,Electronics,Camera,4,475.49,2023-07-30,North
868,2965,Clothing,Sweater,3,191.1,2023-08-19,South
869,2816,Home,Curtains,5,236.14,2020-06-04,West
870,5528,Toys,Board Game,5,85.17,2020-05-31,East
871,2022,Toys,Doll,6,498.0,2021-06-12,East
872,3915,Grocery,Rice,8,489.81,2021-02-14,West
873,3923,Grocery,Rice,3,272.61,2022-06-02,South
874,2740,Grocery,Milk,2,22.26,2020-05-24,East
875,8305,Electronics,Smartwatch,3,328.17,2020-01-02,North
876,7397,Sports,Tennis Racket,6,452.79,2023-03-22,North
877,9444,Grocery,Eggs,7,204.94,2020-05-23,South
878,1054,Toys,Doll,2,285.79,2022-01-05,East
879,5961,Toys,Action Figure,2,185.85,2021-11-27,North
880,8530,Sports,Tennis Racket,3,279.47,2022-02-25,South
881,5896,Toys,Action Figure,6,245.82,2023-07-19,West
882,4104,Home,Sofa,4,17.56,2023-04-29,South
883,9015,Toys,Action Figure,9,323.49,2022-10-20,West
884,1268,Electronics,Headphones,1,172.17,2020-03-28,West
885,2936,Beauty,Shampoo,8,470.34,2023-01-03,South
886,4817,Clothing,T-Shirt,3,247.0,2020-02-09,West
887,1750,Beauty,Foundation,1,90.26,2020-04-12,East
888,2594,Grocery,Bread,3,418.5,2020-05-10,North
889,2870,Grocery,Bread,10,114.18,2021-02-19,West
890,6527,Toys,Board Game,2,488.05,2023-03-25,South
891,6268,Beauty,Lipstick,10,90.86,2020-05-09,North
892,5487,Home,Table,3,349.67,2023-02-07,South
893,8187,Beauty,Shampoo,1,71.02,2023-07-18,West
894,3584,Electronics,Smartwatch,2,8.14,2021-01-02,North
895,5648,Toys,Doll,3,107.05,2023-08-03,East
896,9570,Grocery,Eggs,4,469.35,2023-06-04,North
897,3949,Grocery,Bread,2,315.46,2021-09-08,East
898,7861,Electronics,Camera,4,99.99,2022-12-21,North
899,6929,Beauty,Moisturizer,4,141.83,2021-01-31,North
900,3444,Grocery,Eggs,3,84.08,2020-03-29,North
901,6966,Sports,Tennis Racket,7,129.43,2023-06-17,West
902,1709,Clothing,T-Shirt,9,92.06,2020-02-29,West
903,9436,Clothing,T-Shirt,4,362.09,2023-04-28,East
904,7865,Beauty,Perfume,4,390.59,2021-10-29,South
905,2606,Beauty,Moisturizer,4,190.89,2021-03-27,North
906,8716,Grocery,Rice,7,76.75,2023-06-02,West
907,3917,Toys,Board Game,3,231.58,2021-02-01,East
908,5418,Beauty,Perfume,3,20.89,2023-03-10,North
909,5597,Home,Sofa,8,232.0,2020-12-16,East
910,4602,Sports,Bicycle,3,395.83,2023-07-30,South
911,4763,Clothing,Dress,9,247.16,2021-03-19,West
912,8581,Sports,Football,7,369.41,2021-05-20,South
913,6362,Toys,Lego Set,4,446.45,2023-04-26,South
914,1083,Toys,Action Figure,1,495.68,2022-10-29,North
915,7974,Toys,Doll,2,228.96,2021-05-07,North
916,1203,Toys,Puzzle,3,182.41,2021-05-04,North
917,1260,Grocery,Milk,3,353.14,2023-03-14,North
918,8452,Grocery,Pasta,7,96.55,2022-01-28,West
919,1022,Clothing,Dress,6,267.81,2021-08-30,West
920,5420,Beauty,Lipstick,10,441.02,2020-04-22,East
921,1844,Clothing,Dress,6,235.35,2020-03-24,East
922,7003,Home,Chair,2,282.58,2021-02-23,South
923,6487,Beauty,Shampoo,2,326.27,2023-04-03,South
924,4693,Books,Textbook,5,254.27,2022-05-16,East
925,1892,Clothing,Jacket,6,228.94,2022-10-23,North
926,8703,Sports,Dumbbells,10,187.23,2023-10-10,North
927,4085,Grocery,Rice,2,198.39,2021-01-01,East
928,2260,Clothing,Jeans,5,60.45,2020-10-30,West
929,3465,Beauty,Shampoo,1,150.12,2023-10-29,South
930,8764,Books,Comics,8,370.17,2020-02-13,East
931,4097,Clothing,T-Shirt,4,418.3,2022-11-30,East
932,7745,Books,Textbook,8,298.71,2023-11-28,West
933,8503,Sports,Bicycle,3,449.65,2021-09-19,South
934,5259,Beauty,Moisturizer,6,485.51,2020-04-06,South
935,6785,Sports,Dumbbells,3,311.22,2020-11-25,East
936,3986,Home,Lamp,3,122.76,2020-03-25,East
937,3072,Grocery,Milk,6,96.33,2023-02-25,North
938,6192,Books,Biography,6,226.97,2020-11-28,East
939,2990,Electronics,Smartwatch,8,385.42,2022-07-27,East
940,3556,Electronics,Camera,9,168.98,2023-12-15,East
941,8764,Sports,Bicycle,3,400.79,2022-06-24,East
942,2840,Grocery,Rice,3,340.61,2020-08-27,East
943,1406,Toys,Lego Set,4,225.76,2020-07-08,East
944,1901,Beauty,Shampoo,9,114.96,2021-07-23,South
945,1369,Clothing,Sweater,8,340.15,2020-06-27,West
946,4185,Grocery,Milk,10,304.51,2020-04-24,East
947,7513,Home,Table,6,196.13,2020-01-25,East
948,6651,Books,Textbook,8,437.78,2020-06-28,South
949,8278,Toys,Doll,5,86.08,2022-05-18,West
950,3286,Clothing,Jeans,4,155.1,2022-12-11,East
951,2083,Toys,Action Figure,1,207.68,2021-07-13,West
952,3865,Grocery,Bread,3,103.63,2022-02-20,East
953,9037,Electronics,Headphones,10,155.44,2023-02-19,West
954,4678,Electronics,Smartphone,3,135.03,2023-08-04,West
955,3034,Sports,Dumbbells,3,248.48,2023-11-09,South
956,1466,Clothing,Jacket,8,497.19,2020-05-16,East
957,8872,Toys,Board Game,8,487.26,2020-09-01,East
958,9397,Electronics,Headphones,3,292.92,2020-10-26,East
959,8553,Home,Curtains,3,31.18,2022-01-09,West
960,6832,Electronics,Headphones,5,267.16,2020-06-06,South
961,4002,Clothing,Sweater,3,274.14,2021-10-09,East
962,5447,Books,Novel,9,292.12,2020-10-21,North
963,3243,Sports,Yoga Mat,8,208.94,2020-11-29,North
964,4569,Home,Chair,4,416.63,2023-02-18,North
965,7837,Grocery,Rice,2,410.33,2020-02-05,West
966,6705,Sports,Yoga Mat,3,409.43,2023-05-08,East
967,3821,Sports,Football,2,115.07,2023-11-22,South
968,4712,Sports,Tennis Racket,4,69.46,2020-06-09,West
969,2830,Clothing,T-Shirt,8,379.88,2020-03-28,South
970,2766,Electronics,Camera,10,34.34,2020-08-31,East
971,1709,Clothing,Jacket,1,378.5,2020-09-10,South
972,4277,Home,Curtains,1,49.94,2021-07-22,East
973,6770,Home,Chair,10,124.7,2023-03-13,North
974,2623,Electronics,Camera,4,359.33,2021-07-31,South
975,9800,Electronics,Smartphone,4,460.64,2023-12-20,West
976,7004,Home,Table,2,94.52,2021-12-27,West
977,7948,Beauty,Shampoo,4,206.75,2021-10-05,North
978,8633,Clothing,Sweater,3,250.43,2022-01-09,East
979,1665,Clothing,Jacket,8,62.28,2021-08-03,West
980,6111,Grocery,Pasta,9,206.6,2022-05-26,South
981,2140,Grocery,Milk,3,11.33,2023-10-12,West
982,2723,Toys,Doll,9,330.98,2020-06-23,North
983,3348,Toys,Doll,10,488.9,2020-12-11,North
984,6959,Beauty,Perfume,4,299.51,2022-04-07,North
985,4815,Toys,Doll,5,383.58,2023-04-06,East
986,7557,Books,Comics,10,475.32,2022-09-19,East
987,3414,Grocery,Rice,2,129.09,2022-10-15,South
988,3205,Electronics,Smartphone,1,416.0,2022-10-17,North
989,3934,Toys,Lego Set,6,80.6,2023-06-27,North
990,2253,Grocery,Eggs,4,150.31,2022-10-16,West
991,9270,Sports,Bicycle,6,405.69,2023-01-12,North
992,1517,Toys,Action Figure,7,227.81,2022-02-09,West
993,8531,Electronics,Smartphone,3,280.55,2021-09-12,South
994,9052,Toys,Puzzle,5,359.28,2022-09-25,North
995,9037,Grocery,Eggs,9,427.9,2022-11-03,North
996,7412,Sports,Dumbbells,10,485.58,2023-06-17,East
997,5660,Books,Novel,1,297.28,2020-09-19,East
998,6715,Electronics,Headphones,7,53.19,2021-12-07,East
999,7749,Books,Novel,4,127.57,2023-08-20,East
1000,2391,Clothing,Jacket,2,172.11,2020-02-10,East
1001,1612,Grocery,Eggs,10,259.81,2022-05-12,East
1002,1334,Grocery,Bread,1,492.95,2022-02-12,West
1003,6282,Clothing,Dress,2,346.98,2021-02-25,East
1004,9138,Books,Biography,10,153.26,2022-06-11,South
1005,9142,Clothing,Sweater,4,147.24,2020-04-07,East
1006,7586,Beauty,Shampoo,2,360.26,2023-03-30,North
1007,6518,Sports,Football,10,401.59,2022-08-31,West
1008,4436,Books,Novel,5,254.8,2021-09-06,West
1009,9846,Books,Biography,7,204.14,2023-07-03,West
1010,9971,Home,Sofa,9,432.04,2023-03-27,West
1011,4489,Grocery,Milk,9,405.42,2022-06-07,North
1012,9556,Beauty,Perfume,8,78.13,2020-11-04,East
1013,8133,Toys,Board Game,2,318.79,2022-04-24,East
1014,5702,Home,Curtains,10,121.88,2021-05-03,North
1015,3456,Beauty,Lipstick,4,399.54,2021-09-27,West
1016,8952,Toys,Doll,1,104.99,2021-07-12,South
1017,1477,Sports,Yoga Mat,9,92.11,2020-03-27,West
1018,1326,Electronics,Smartphone,6,302.79,2020-05-10,West
1019,6954,Clothing,Dress,3,121.84,2023-03-15,North
1020,9551,Sports,Dumbbells,2,122.85,2020-09-07,East
1021,6395,Toys,Puzzle,7,112.91,2020-08-06,South
1022,4507,Sports,Dumbbells,7,130.88,2023-04-22,North
1023,9034,Books,Novel,6,275.14,2022-08-30,South
1024,5550,Home,Curtains,8,359.26,2021-09-23,North
1025,1570,Electronics,Laptop,5,278.6,2021-09-25,East
1026,2999,Beauty,Moisturizer,7,8.89,2022-03-15,East
1027,5929,Clothing,Jeans,5,109.14,2020-11-24,West
1028,6196,Toys,Action Figure,5,433.89,2022-10-03,West
1029,7765,Books,Comics,2,413.08,2023-12-01,East
1030,9295,Clothing,Jacket,7,303.05,2023-01-26,East
1031,8426,Electronics,Smartphone,3,316.93,2023-08-05,South
1032,1050,Toys,Puzzle,5,160.29,2020-06-17,North
1033,3585,Beauty,Shampoo,3,424.25,2023-11-05,West
1034,6233,Grocery,Eggs,3,134.04,2023-11-08,East
1035,5616,Beauty,Lipstick,7,186.96,2022-03-16,West
1036,4677,Electronics,Smartphone,9,325.32,2023-07-07,South
1037,2457,Grocery,Pasta,5,352.12,2020-12-11,North
1038,7570,Toys,Lego Set,5,78.88,2022-01-23,South
1039,2922,Electronics,Camera,7,387.81,2022-07-18,West
1040,2941,Beauty,Foundation,4,473.3,2021-06-29,East
1041,9096,Toys,Puzzle,7,428.89,2023-05-13,South
1042,5636,Beauty,Moisturizer,3,207.22,2020-10-25,North
1043,5754,Sports,Tennis Racket,10,228.23,2021-05-23,East
1044,8506,Clothing,T-Shirt,8,70.94,2021-10-24,West
1045,4476,Toys,Doll,10,131.83,2020-07-14,North
1046,1853,Books,Biography,8,454.57,2023-05-26,North
1047,1087,Sports,Bicycle,10,193.56,2022-03-19,East
1048,3166,Electronics,Camera,3,133.84,2022-10-28,West
1049,6557,Grocery,Pasta,2,162.07,2022-12-22,West
1050,3323,Sports,Football,6,26.86,2020-09-18,West
1051,5603,Books,Comics,5,451.88,2021-06-23,East
1052,9470,Books,Comics,3,161.19,2022-10-03,South
1053,8208,Electronics,Laptop,3,32.01,2021-01-10,North
1054,8704,Sports,Tennis Racket,8,221.03,2022-10-10,North
1055,8233,Books,Magazine,8,231.59,2020-08-18,South
1056,3025,Books,Novel,4,434.75,2021-01-04,South
1057,9335,Sports,Bicycle,10,110.14,2020-01-09,South
1058,7822,Clothing,Jeans,8,340.07,2021-11-04,North
1059,5657,Clothing,Dress,6,297.22,2020-08-05,East
1060,3519,Electronics,Smartphone,8,416.2,2023-09-12,West
1061,8439,Sports,Bicycle,1,168.07,2020-03-30,West
1062,6323,Home,Lamp,1,401.77,2021-08-02,East
1063,1909,Clothing,Sweater,10,193.79,2022-03-27,East
1064,3916,Beauty,Moisturizer,2,15.15,2021-03-02,South
1065,7365,Toys,Board Game,3,64.7,2022-10-02,West
1066,6080,Home,Curtains,2,416.87,2022-11-15,South
1067,9021,Grocery,Eggs,8,137.9,2023-05-14,West
1068,2478,Toys,Board Game,10,97.25,2023-07-15,West
1069,2522,Electronics,Camera,6,486.77,2023-10-17,South
1070,3540,Grocery,Bread,9,46.57,2022-08-16,West
1071,2297,Grocery,Milk,3,492.17,2023-11-02,East
1072,5073,Toys,Board Game,10,28.63,2020-06-05,North
1073,9411,Clothing,Sweater,7,209.44,2022-08-09,East
1074,6823,Sports,Bicycle,2,385.48,2020-02-03,North
1075,8583,Home,Lamp,7,27.4,2022-05-02,East
1076,6143,Grocery,Eggs,10,404.88,2021-11-30,South
1077,4458,Home,Sofa,10,133.36,2023-10-11,North
1078,8107,Electronics,Smartphone,7,62.76,2020-12-17,West
1079,8539,Toys,Lego Set,8,154.89,2023-06-17,East
1080,7471,Sports,Football,3,71.88,2021-01-25,North
1081,1260,Beauty,Lipstick,4,243.15,2020-10-24,South
1082,8139,Beauty,Lipstick,5,386.01,2020-10-30,West
1083,7912,Electronics,Smartphone,3,451.7,2023-12-09,West
1084,8947,Grocery,Rice,8,294.69,2021-02-16,East
1085,7418,Electronics,Headphones,1,55.82,2023-12-31,West
1086,7810,Grocery,Bread,10,366.88,2021-08-18,North
1087,8987,Toys,Doll,9,297.56,2023-06-06,West
1088,4799,Electronics,Camera,1,213.89,2021-10-08,North
1089,5388,Toys,Doll,2,249.92,2023-08-16,East
1090,8345,Toys,Action Figure,3,147.57,2021-01-28,West
1091,6633,Grocery,Pasta,9,113.75,2023-11-03,East
1092,8675,Home,Curtains,7,480.1,2023-10-10,East
1093,8738,Home,Chair,4,144.82,2020-06-25,West
1094,3115,Home,Lamp,3,304.85,2020-07-25,West
1095,9089,Sports,Tennis Racket,4,280.63,2020-02-07,East
1096,5273,Books,Biography,3,414.83,2022-10-28,North
1097,2043,Books,Comics,2,310.69,2020-09-04,South
1098,8968,Sports,Yoga Mat,6,385.84,2023-02-14,East
1099,3476,Clothing,T-Shirt,8,400.5,2020-08-15,North
1100,2669,Electronics,Camera,2,87.69,2020-08-29,South
1101,6925,Home,Curtains,8,382.17,2022-10-17,North
1102,3527,Books,Textbook,3,65.88,2021-02-17,West
1103,7811,Electronics,Laptop,8,173.95,2022-10-31,South
1104,2396,Sports,Yoga Mat,7,183.52,2023-09-23,South
1105,3483,Toys,Puzzle,3,401.88,2022-04-26,West
1106,8516,Books,Novel,8,77.06,2020-01-21,North
1107,2389,Books,Textbook,7,491.06,2020-12-02,West
1108,2007,Toys,Action Figure,3,451.74,2020-04-28,East
1109,7869,Toys,Lego Set,5,362.17,2021-10-04,East
1110,1129,Sports,Bicycle,10,460.62,2023-12-05,West
1111,8310,Beauty,Shampoo,10,395.23,2023-08-28,West
1112,6656,Toys,Puzzle,5,46.72,2023-01-05,East
1113,7389,Home,Chair,9,145.54,2020-07-09,East
1114,9541,Books,Biography,1,18.81,2023-01-10,East
1115,4954,Sports,Dumbbells,9,59.67,2020-05-02,East
1116,5255,Books,Novel,1,379.5,2020-09-12,West
1117,5881,Electronics,Smartwatch,6,491.56,2023-04-06,South
1118,6739,Sports,Yoga Mat,10,337.85,2022-02-12,South
1119,2724,Books,Magazine,10,100.31,2022-01-09,West
1120,2605,Home,Table,7,45.56,2020-05-07,West
1121,3130,Grocery,Pasta,8,43.65,2023-10-18,West
1122,9502,Toys,Board Game,10,251.92,2022-05-17,West
1123,9020,Toys,Puzzle,3,255.36,2022-09-19,West
1124,3119,Clothing,Jeans,8,239.31,2020-11-17,East
1125,2945,Toys,Action Figure,2,187.95,2021-08-16,North
1126,9565,Home,Sofa,6,155.94,2022-02-05,East
1127,5816,Grocery,Rice,3,75.36,2023-04-22,West
1128,1797,Sports,Yoga Mat,4,95.62,2022-09-28,North
1129,3004,Books,Novel,1,211.7,2023-03-19,East
1130,8411,Books,Comics,8,418.06,2023-05-25,South
1131,3269,Grocery,Eggs,8,78.75,2021-10-28,North
1132,7711,Toys,Puzzle,7,172.8,2020-04-03,West
1133,5544,Clothing,Jeans,1,288.14,2023-12-19,East
1134,3028,Clothing,Jeans,10,273.21,2020-04-18,South
1135,8796,Electronics,Smartphone,9,93.97,2020-02-08,East
1136,4371,Beauty,Shampoo,8,46.9,2022-12-28,East
1137,7583,Electronics,Smartwatch,1,173.28,2021-01-04,West
1138,1394,Books,Comics,5,50.06,2020-07-22,South
1139,5675,Home,Lamp,5,385.31,2020-11-11,East
1140,7672,Home,Sofa,10,480.76,2021-01-06,North
1141,1958,Sports,Dumbbells,2,163.42,2022-04-25,East
1142,5225,Toys,Action Figure,1,105.27,2023-05-07,South
1143,9076,Toys,Action Figure,5,35.01,2022-08-09,West
1144,2072,Grocery,Rice,7,318.6,2020-02-08,East
1145,2663,Beauty,Shampoo,3,155.78,2022-04-13,West
1146,2374,Beauty,Foundation,6,272.52,2020-12-10,South
1147,9806,Toys,Lego Set,8,25.69,2022-08-09,East
1148,3742,Electronics,Smartphone,8,140.28,2021-05-28,West
1149,6757,Beauty,Shampoo,9,144.25,2020-11-26,North
1150,5925,Clothing,Dress,2,416.1,2023-02-13,East
1151,8077,Beauty,Shampoo,9,478.92,2021-10-13,East
1152,5282,Grocery,Milk,4,332.83,2021-10-20,East
1153,4450,Grocery,Bread,6,12.86,2023-11-17,South
1154,1033,Grocery,Rice,1,337.99,2022-04-26,West
1155,7435,Clothing,T-Shirt,9,20.32,2023-10-07,West
1156,3022,Books,Comics,10,182.19,2020-12-28,North
1157,3044,Grocery,Milk,4,225.07,2021-03-29,North
1158,5606,Books,Biography,2,409.06,2023-07-04,East
1159,4623,Beauty,Moisturizer,6,23.21,2022-10-06,South
1160,1116,Beauty,Moisturizer,2,435.61,2023-03-11,West
1161,3793,Beauty,Shampoo,10,284.74,2020-05-13,South
1162,2065,Home,Curtains,10,428.46,2022-12-07,East
1163,4143,Electronics,Camera,10,130.2,2023-02-21,West
1164,1032,Toys,Action Figure,6,219.11,2022-04-13,East
1165,2994,Grocery,Eggs,6,261.04,2020-03-30,South
1166,1769,Sports,Dumbbells,9,227.19,2020-01-11,West
1167,4188,Books,Novel,10,404.8,2021-04-07,West
1168,2219,Beauty,Foundation,3,167.97,2020-05-08,North
1169,1456,Grocery,Eggs,1,298.3,2023-07-06,East
1170,5102,Beauty,Lipstick,8,122.99,2021-11-28,North
1171,6465,Beauty,Lipstick,10,311.69,2020-07-14,West
1172,3045,Clothing,T-Shirt,1,191.81,2023-11-21,North
1173,3089,Electronics,Smartwatch,1,154.23,2023-07-06,West
1174,2077,Clothing,T-Shirt,9,30.84,2022-02-20,West
1175,2570,Toys,Puzzle,10,394.8,2023-07-01,North
1176,8428,Toys,Doll,7,440.57,2023-06-22,North
1177,6564,Electronics,Smartwatch,9,167.46,2021-01-29,North
1178,2682,Electronics,Camera,2,298.48,2021-01-31,South
1179,9337,Sports,Yoga Mat,7,243.29,2023-06-25,West
1180,4046,Beauty,Foundation,1,34.94,2021-09-30,West
1181,9407,Books,Textbook,10,443.18,2020-10-25,South
1182,8692,Sports,Bicycle,6,149.08,2020-01-17,South
1183,1939,Beauty,Shampoo,9,430.06,2022-05-14,East
1184,4201,Beauty,Foundation,2,174.07,2023-09-29,West
1185,8657,Books,Magazine,10,481.72,2023-06-15,East
1186,7859,Books,Biography,2,229.88,2020-03-27,West
1187,4594,Electronics,Laptop,4,235.94,2021-03-12,South
1188,8876,Books,Comics,4,203.15,2020-01-14,East
1189,1162,Clothing,Jacket,1,279.57,2020-10-18,East
1190,8215,Beauty,Shampoo,6,26.73,2020-03-01,South
1191,4241,Sports,Tennis Racket,4,443.26,2020-12-22,East
1192,5029,Home,Lamp,1,92.16,2021-06-20,North
1193,1343,Home,Table,2,172.5,2021-03-06,East
1194,8474,Beauty,Perfume,6,332.15,2022-12-15,West
1195,2071,Clothing,Jeans,3,398.47,2021-01-27,West
1196,7131,Books,Magazine,7,488.61,2021-05-15,North
1197,4098,Sports,Tennis Racket,6,127.35,2023-07-13,East
1198,3071,Grocery,Pasta,2,393.41,2023-09-20,North
1199,3743,Toys,Lego Set,6,251.8,2022-08-08,South
1200,6272,Books,Magazine,8,359.25,2022-10-10,West
